{"v2H+pcEH+7Yeo3VnShSdow==":"24.12.2022_19-19-48-1920x1080.png","by+UHGcIAV+rU7SjDUzd1g==":"4-800x600.png","TM9OpRNkVMNpUBpCWkutBg==":"%D0%B0%D1%8C%D0%B0%D1%8C%D0%BE-1256x1223.png","z8XTfK7SH7cwmvTfa8ZwyA==":"%D1%81%D0%B2%D0%BE%D0%BE-1256x1223.png","Lua2FoW+cT4xnfE+V39iYg==":"%D0%B4%D0%BB%D1%80%D0%B0%D1%81-1256x1223.png","dh/L/adutlwF5N6hMNUCFA==":"%D0%BA%D0%B0%D1%80%D1%82%D0%B8%D0%BD%D0%B01-1288x886.jpg","Z7AGTIqVLKLTyhRJ/iVfMQ==":"%D0%BA%D0%B0%D1%80%D1%82%D0%B8%D0%BD%D0%B02-1288x1078.jpg","AN/iuC/NomoaO9pfQhc+RA==":"%D0%BA%D0%B0%D1%80%D1%82%D0%B8%D0%BD%D0%B01-1288x886.jpeg","n7cWBkBthMHqcaJnHfmDFg==":"%D0%BA%D0%B0%D1%80%D1%82%D0%B8%D0%BD%D0%B02-1288x1078.jpeg","AdUGweShny/e+1OHjiJeHw==":"%D0%BA%D0%B0%D1%80%D1%82%D0%B8%D0%BD%D0%B03-1288x904.jpeg","DIMZ8nwDqbI57TRvivpBkQ==":"%D0%BA%D0%B0%D1%80%D1%82%D0%B8%D0%BD%D0%B04-1288x872.jpeg","CGJDrCCWTjNNr7crBE+Gkw==":"%D0%BA%D0%B0%D1%80%D1%82%D0%B8%D0%BD%D0%B05-936x622.jpg","+dr6AfWutNB7ARZpelfTWg==":"%D0%BA%D0%B0%D1%80%D1%82%D0%B8%D0%BD%D0%B05-936x622.jpeg","EsSsDm+suZaWw/MI/bC87g==":"%D0%BA%D0%B0%D1%80%D1%82%D0%B8%D0%BD%D0%B06-1493x1070.jpg","knMDpdu8LOSfHXRNV4L3xg==":"%D0%BA%D0%B0%D1%80%D1%82%D0%B8%D0%BD%D0%B06-1493x1070.jpeg","sSiOosekd7UyFtlwOyuCAQ==":"%D0%BA%D0%B0%D1%80%D1%82%D0%B8%D0%BD%D0%B07-3484x2425.jpg","LTPl6vMsepj0p9I7MQhNqQ==":"%D0%BA%D0%B0%D1%80%D1%82%D0%B8%D0%BD%D0%B07-3484x2425.jpeg","DSY0ev8Zd5gf9kEQvyBBvQ==":"%D0%BA%D0%B0%D1%80%D1%82%D0%B8%D0%BD%D0%B08-2289x1618.jpg","OwmoKVLoarvVvbeUp89dzg==":"%D0%BA%D0%B0%D1%80%D1%82%D0%B8%D0%BD%D0%B08-2289x1618.jpeg","mo7AoFR8snZK5XLMfjanbg==":"%D0%BA%D0%B0%D1%80%D1%82%D0%B8%D0%BD%D0%B09-3351x2199.jpg","w7doWzJX9xiz3f2/zBZyiQ==":"%D0%BA%D0%B0%D1%80%D1%82%D0%B8%D0%BD%D0%B09-3351x2199.jpeg","Ma+rclcs6v0lNq93W2jo/A==":"%D0%BA%D0%B0%D1%80%D1%82%D0%B8%D0%BD%D0%B010-3152x2199.jpg","/3qkbyxs3eGj036buCC4Aw==":"%D0%BA%D0%B0%D1%80%D1%82%D0%B8%D0%BD%D0%B010-3152x2199.jpeg","VRfT3auPUNrVSmWGgmXwrA==":"1-2136x1511.jpeg","SgokpSoSNtCLmM6jngXReA==":"24.12.2022_19-28-22-1256x707.png","+EeXUZdeXT3z3TIvxRWSUw==":"24.12.2022_19-23-9-1256x707.png"}